<?xml version="1.0" encoding="UTF-8"?>
<metadata>
  <identifier>w11_sounds</identifier>
  <mediatype>audio</mediatype>
  <collection>opensource_audio</collection>
  <creator>Microsoft</creator>
  <description>All sounds natively present in Windows 11&lt;br /&gt;</description>
  <scanner>Internet Archive HTML5 Uploader 1.7.0</scanner>
  <subject>Windows</subject>
  <title>All Windows 11 sounds</title>
  <uploader>varymaxence@gmail.com</uploader>
  <collection>community</collection>
  <publicdate>2023-03-07 21:15:55</publicdate>
  <addeddate>2023-03-07 21:15:55</addeddate>
  <curation>[curator]validator@archive.org[/curator][date]20230307211935[/date][comment]checked for malware[/comment]</curation>
</metadata>
